{
  "templateId": "multipurpose-agntix",
  "lastModified": "2025-07-11T12:42:29.575Z",
  "texts": {
    "text_text_1752237749490_0": "Digital \n                                        Design Experience",
    "text_text_1752237749498_20": "Acme Studio",
    "text_text_1752237749499_21": "Grace Clinic",
    "text_text_1752237749499_22": "Smart Cities",
    "text_text_1752237749499_23": "Digital Farming",
    "text_text_1752237749500_24": "Virtual Reality",
    "text_text_1752237749500_25": "Cloud Computing",
    "text_text_1752237749500_26": "projects  completed  in 24 countries",
    "text_text_1752237749501_27": "Clients  satisfied and  repeating",
    "text_text_1752237749501_28": "Performing video",
    "text_text_1752237749501_29": "User Research",
    "text_text_1752237749502_30": "Define Problems",
    "text_text_1752237749502_31": "Design & Prototype",
    "text_text_1752237749502_32": "Evaluation & Testing",
    "text_text_1752237749508_1": "Hey! is the ultimate Agntix  Agency template for professionals  in the design industry.",
    "text_text_1752237749508_2": "“The depth of exploration and quality of the work was great”",
    "text_text_1752237749508_3": "An independent web design and branding agency in Manchester set up in 2010 who care,\n                                                build relationships, have industry experience, and win awards.",
    "text_text_1752237749508_4": "Driven by a passion for innovation, we specialize in  delivering top-quality design solutions",
    "text_text_1752237749508_5": "Clients Satisfied and  Repeating",
    "text_text_1752237749508_6": "Projects Completed in  24 Countries",
    "text_text_1752237749508_7": "Whether you need stunning visuals for your website, captivating graphics  for your marketing materials, or innovative UI/UX designs for your app, our  team of experts is here to turn your vision into reality.",
    "text_text_1752237749509_8": "Our product design services focus on creating intuitive and aesthetically  pleasing products that resonate with your audience and stand out  in the market.",
    "text_text_1752237749509_9": "From website development and e-commerce platforms to custom  software and mobile apps, our development team has the expertise to  bring your ideas to life.",
    "text_text_1752237749509_10": "It's the core of your company's identity. It guides all business decisions,  ensuring a consistent and impactful presence in the market.",
    "text_text_1752237749509_11": "We listen stories of user to understand pain points and give a rough  estimate about cost and time-frame",
    "text_text_1752237749509_12": "We listen stories of user to understand pain points and give a rough  estimate about cost and time-frame",
    "text_text_1752237749509_13": "We listen stories of user to understand pain points and give a rough  estimate about cost and time-frame",
    "text_text_1752237749509_14": "We listen stories of user to understand pain points and give a rough  estimate about cost and time-frame",
    "text_text_1752237749509_15": "Based on 24 reviews on Clutch",
    "text_text_1752237749509_16": "“Agntix studio ability to\n                                                create a high quality UI is stands\n                                                out. It’s something we placed a\n                                                premium on. A studio with\n                                                passionate, professional, fun\n                                                and full creativity.",
    "text_text_1752237749509_17": "CEO & Founder, Archin Studio",
    "text_text_1752237749509_18": "“Agntix studio ability to\n                                                create a high quality UI is stands\n                                                out. It’s something we placed a\n                                                premium on. A studio with\n                                                passionate, professional, fun\n                                                and full creativity.",
    "text_text_1752237749509_19": "CEO & Founder, Archin Studio",
    "text_text_1752237749509_20": "“Agntix studio ability to\n                                                create a high quality UI is stands\n                                                out. It’s something we placed a\n                                                premium on. A studio with\n                                                passionate, professional, fun\n                                                and full creativity.",
    "text_text_1752237749509_21": "CEO & Founder, Archin Studio",
    "text_text_1752237749509_22": "“Agntix studio ability to\n                                                create a high quality UI is stands\n                                                out. It’s something we placed a\n                                                premium on. A studio with\n                                                passionate, professional, fun\n                                                and full creativity.",
    "text_text_1752237749509_23": "CEO & Founder, Archin Studio",
    "text_text_1752237749509_24": "“Agntix studio ability to\n                                                create a high quality UI is stands\n                                                out. It’s something we placed a\n                                                premium on. A studio with\n                                                passionate, professional, fun\n                                                and full creativity.",
    "text_text_1752237749509_25": "CEO & Founder, Archin Studio",
    "text_text_1752237749509_26": "“Agntix studio ability to\n                                                create a high quality UI is stands\n                                                out. It’s something we placed a\n                                                premium on. A studio with\n                                                passionate, professional, fun\n                                                and full creativity.",
    "text_text_1752237749509_27": "CEO & Founder, Archin Studio",
    "text_text_1752237749517_25": "Digital",
    "text_text_1752237749517_26": "Design",
    "text_text_1752237749517_28": "Juan Mauel",
    "text_text_1752237749517_30": "0%",
    "text_text_1752237749517_31": "0+",
    "text_text_1752237749517_32": "UI Design",
    "text_text_1752237749518_33": "Design Agency",
    "text_text_1752237749518_34": "Strategy",
    "text_text_1752237749518_35": "Digital Solution",
    "text_text_1752237749519_36": "Business Growth",
    "text_text_1752237749519_37": "Development",
    "text_text_1752237749519_38": "IT Company",
    "text_text_1752237749519_39": "SEO Agency",
    "text_text_1752237749520_40": "Consulting",
    "text_text_1752237749520_41": "Branding",
    "text_text_1752237749520_42": "Lifetime Update",
    "text_text_1752237749521_44": "01.",
    "text_text_1752237749521_46": "See Our Services",
    "text_text_1752237749521_47": "See Our Services",
    "text_text_1752237749522_49": "UX Design",
    "text_text_1752237749522_50": "User Testing",
    "text_text_1752237749522_51": "Motion Design",
    "text_text_1752237749522_52": "Product Prototype",
    "text_text_1752237749522_53": "02.",
    "text_text_1752237749522_55": "See Our Services",
    "text_text_1752237749522_56": "See Our Services",
    "text_text_1752237749522_58": "UX Design",
    "text_text_1752237749522_59": "User Testing",
    "text_text_1752237749522_60": "Product Prototype",
    "text_text_1752237749523_61": "Mobile UI",
    "text_text_1752237749523_62": "Sotware UI design",
    "text_text_1752237749523_63": "Web app design",
    "text_text_1752237749523_64": "03.",
    "text_text_1752237749523_66": "See Our Services",
    "text_text_1752237749524_67": "See Our Services",
    "text_text_1752237749524_69": "UX Design",
    "text_text_1752237749524_70": "Frontend",
    "text_text_1752237749524_71": "Backend",
    "text_text_1752237749524_72": "E-commerce",
    "text_text_1752237749524_73": "No Code / Low Code",
    "text_text_1752237749524_74": "04.",
    "text_text_1752237749524_76": "See Our Services",
    "text_text_1752237749524_77": "See Our Services",
    "text_text_1752237749525_79": "Research & Insights",
    "text_text_1752237749525_80": "Unique Ways",
    "text_text_1752237749525_81": "Value Proposition",
    "text_text_1752237749525_82": "Naming",
    "text_text_1752237749525_83": "Verbal Identity",
    "text_text_1752237749525_86": "View all Works",
    "text_text_1752237749525_87": "View all Works",
    "text_text_1752237749526_89": "Product Design",
    "text_text_1752237749526_90": "Branding",
    "text_text_1752237749526_91": "Creative",
    "text_text_1752237749526_92": "Creative",
    "text_text_1752237749526_93": "Branding",
    "text_text_1752237749526_94": "Development",
    "text_text_1752237749526_95": "Product Design",
    "text_text_1752237749526_96": "Branding",
    "text_text_1752237749526_97": "Creative",
    "text_text_1752237749526_98": "Product Design",
    "text_text_1752237749526_99": "Branding",
    "text_text_1752237749526_100": "Creative",
    "text_text_1752237749526_101": "Product Design",
    "text_text_1752237749526_102": "Branding",
    "text_text_1752237749526_103": "Creative",
    "text_text_1752237749526_104": "Product Design",
    "text_text_1752237749526_105": "Branding",
    "text_text_1752237749526_106": "Creative",
    "text_text_1752237749526_107": "( Nice! )",
    "text_text_1752237749527_108": "106",
    "text_text_1752237749527_109": "1",
    "text_text_1752237749527_110": "0",
    "text_text_1752237749527_111": "( Ho Ho! )",
    "text_text_1752237749528_112": "96",
    "text_text_1752237749528_113": "9",
    "text_text_1752237749528_114": "( Holy Moly! )",
    "text_text_1752237749528_115": "#1Top",
    "text_text_1752237749528_117": "4.9/5",
    "text_text_1752237749529_118": "Albert Juan",
    "text_text_1752237749529_119": "Koen Chegg",
    "text_text_1752237749529_120": "Warren Daniel",
    "text_text_1752237749529_121": "Elvin Bond",
    "text_text_1752237749529_122": "Abbas",
    "text_text_1752237749529_123": "Jessamine Mumtaz",
    "text_text_1752237749529_124": "( Awards! )",
    "text_text_1752237749529_125": "2008",
    "text_text_1752237749529_126": "1x agency of the year",
    "text_text_1752237749530_127": "Winner",
    "text_text_1752237749530_129": "2009",
    "text_text_1752237749530_130": "3x creative agency of the day",
    "text_text_1752237749531_131": "Awarded",
    "text_text_1752237749531_133": "2011",
    "text_text_1752237749531_134": "2x Featured design of the week",
    "text_text_1752237749532_135": "Mentioned",
    "text_text_1752237749532_137": "2016",
    "text_text_1752237749532_138": "5x honorable mentioned",
    "text_text_1752237749532_139": "Mentioned",
    "text_text_1752237749533_141": "2022",
    "text_text_1752237749533_142": "8x Best design of the day",
    "text_text_1752237749533_143": "Winner",
    "text_text_1752237749534_145": "2025",
    "text_text_1752237749534_146": "3x Mobile Excellence Award",
    "text_text_1752237749534_147": "Awarded",
    "text_text_1752237749490_1": "Our  design thinking process",
    "text_text_1752237749497_16": "Web Design",
    "text_text_1752237749497_17": "Product Design",
    "text_text_1752237749498_18": "Web Development",
    "text_text_1752237749498_19": "Branding",
    "text_text_1752237749502_33": "Client Reviews",
    "text_text_1752237749491_2": "Agntix.studio",
    "text_text_1752237749491_0": "Hello There!",
    "text_text_1752237749492_1": "Information",
    "text_text_1752237749492_2": "Follow Us",
    "text_text_1752237749492_0": "Home Light Version",
    "text_text_1752237749493_1": "Home Dark Version",
    "text_text_1752237749493_2": "Home Light Version",
    "text_text_1752237749493_3": "Home Dark Version",
    "text_text_1752237749494_4": "Showcases",
    "text_text_1752237749494_5": "Showcases",
    "text_text_1752237749494_6": "About Light Version",
    "text_text_1752237749495_7": "About Dark Version",
    "text_text_1752237749495_8": "Services Light Version",
    "text_text_1752237749495_9": "Services Dark Version",
    "text_text_1752237749495_10": "Special Pages Light",
    "text_text_1752237749496_11": "Special Pages Dark",
    "text_text_1752237749496_12": "Portfolio Grid",
    "text_text_1752237749496_13": "Showcases",
    "text_text_1752237749497_14": "Showcases",
    "text_text_1752237749497_15": "Single Projects",
    "text_text_1752237749503_34": "Helping  start-ups scale & grow.",
    "text_text_1752237749506_35": "Quick links",
    "text_text_1752237749507_36": "Contact",
    "text_text_1752237749508_0": "Lorem ipsum dolor sit amet, consectetur adipiscing elit,",
    "text_text_1752237749509_0": "Popular",
    "text_text_1752237749510_1": "Trending",
    "text_text_1752237749510_2": "Hot",
    "text_text_1752237749511_3": "Hot",
    "text_text_1752237749511_4": "Hot",
    "text_text_1752237749511_5": "Popular",
    "text_text_1752237749512_6": "Hot",
    "text_text_1752237749512_7": "Popular",
    "text_text_1752237749512_8": "Hot",
    "text_text_1752237749513_9": "Popular",
    "text_text_1752237749513_10": "Hot",
    "text_text_1752237749513_11": "Hot",
    "text_text_1752237749514_12": "Trending",
    "text_text_1752237749514_13": "Popular",
    "text_text_1752237749514_14": "Hot",
    "text_text_1752237749514_15": "Hot",
    "text_text_1752237749515_16": "Hot",
    "text_text_1752237749515_17": "Hot",
    "text_text_1752237749515_18": "Hot",
    "text_text_1752237749516_19": "Hot",
    "text_text_1752237749516_20": "Hot",
    "text_text_1752237749516_22": "Start a Project",
    "text_text_1752237749517_23": "Start a Project",
    "text_text_1752237749535_153": "©2025 Agntix Design Studio.",
    "text_text_1752237749536_1": "Modern Agency Popular",
    "text_text_1752237749536_2": "Design Studio",
    "text_text_1752237749536_3": "Digital Marketing Trending",
    "text_text_1752237749536_4": "Creative Studio",
    "text_text_1752237749536_5": "Design Agency",
    "text_text_1752237749536_6": "Creative Agency",
    "text_text_1752237749536_7": "Architecture Hub Hot",
    "text_text_1752237749536_8": "AI Image Genaretor",
    "text_text_1752237749536_9": "Modern Agency",
    "text_text_1752237749536_10": "Design Studio Hot",
    "text_text_1752237749536_11": "Digital Marketing",
    "text_text_1752237749536_12": "Creative Studio",
    "text_text_1752237749536_13": "Design Agency Hot",
    "text_text_1752237749536_14": "Creative Agency Popular",
    "text_text_1752237749536_15": "Architecture Hub",
    "text_text_1752237749536_16": "AI Image Genaretor Hot",
    "text_text_1752237749536_17": "Corporate Agency",
    "text_text_1752237749536_18": "Mobile App Popular",
    "text_text_1752237749536_19": "IT Solutions Hot",
    "text_text_1752237749536_20": "Cryptocurrency",
    "text_text_1752237749536_21": "Startup Agency Popular",
    "text_text_1752237749536_22": "Fashion Studio",
    "text_text_1752237749536_23": "Personal Portfolio",
    "text_text_1752237749537_24": "Shop Home Hot",
    "text_text_1752237749537_25": "Corporate Agency Hot",
    "text_text_1752237749537_26": "Mobile App",
    "text_text_1752237749537_27": "IT Solutions",
    "text_text_1752237749537_28": "Cryptocurrency Trending",
    "text_text_1752237749537_29": "Startup Agency",
    "text_text_1752237749537_30": "Fashion Studio Popular",
    "text_text_1752237749537_31": "Personal Portfolio",
    "text_text_1752237749537_32": "Shop Home",
    "text_text_1752237749537_33": "Webgl Showcase Hot",
    "text_text_1752237749537_34": "Coverflow Slider",
    "text_text_1752237749537_35": "Creative Thumb Slider Hot",
    "text_text_1752237749537_36": "Creative Skew Slider Hot",
    "text_text_1752237749537_37": "Creative Text Slider",
    "text_text_1752237749537_38": "Parallax Slider",
    "text_text_1752237749537_39": "Paspective Showcase Hot",
    "text_text_1752237749537_40": "Horizontal Showcase",
    "text_text_1752237749537_41": "Wrapper Slider Hot",
    "text_text_1752237749537_42": "Portfolio slicer Hot",
    "text_text_1752237749537_43": "Portfolio Showcase",
    "text_text_1752237749537_44": "Brand Showcase",
    "text_text_1752237749538_45": "Interactive with hover Hot",
    "text_text_1752237749538_46": "Interactive with Scroll",
    "text_text_1752237749538_47": "Slider Elegant",
    "text_text_1752237749538_49": "About Me",
    "text_text_1752237749538_50": "About Us",
    "text_text_1752237749538_51": "Modern About",
    "text_text_1752237749538_52": "Creative About",
    "text_text_1752237749539_53": "Startup About",
    "text_text_1752237749539_54": "Carrer",
    "text_text_1752237749539_55": "About Me",
    "text_text_1752237749539_56": "About Us",
    "text_text_1752237749539_57": "Modern About",
    "text_text_1752237749539_58": "Creative About",
    "text_text_1752237749539_59": "Startup About",
    "text_text_1752237749539_60": "Carrer",
    "text_text_1752237749539_61": "Services",
    "text_text_1752237749539_62": "Corporate Services",
    "text_text_1752237749539_63": "Startup Services",
    "text_text_1752237749539_64": "Modern Services",
    "text_text_1752237749539_65": "Services Details",
    "text_text_1752237749539_66": "Services Details 02",
    "text_text_1752237749540_67": "Services",
    "text_text_1752237749540_68": "Corporate Services",
    "text_text_1752237749540_69": "Startup Services",
    "text_text_1752237749540_70": "Modern Services",
    "text_text_1752237749540_71": "Services Details",
    "text_text_1752237749540_72": "Services Details 02",
    "text_text_1752237749540_73": "Careers Details",
    "text_text_1752237749540_74": "Pricing",
    "text_text_1752237749540_75": "Team",
    "text_text_1752237749540_76": "Team Details",
    "text_text_1752237749540_77": "FAQ’s",
    "text_text_1752237749540_78": "404 Page",
    "text_text_1752237749540_79": "Careers Details",
    "text_text_1752237749540_80": "Pricing",
    "text_text_1752237749540_81": "Team",
    "text_text_1752237749540_82": "Team Details",
    "text_text_1752237749540_83": "FAQ’s",
    "text_text_1752237749540_84": "404 Page",
    "text_text_1752237749541_86": "Two Columns",
    "text_text_1752237749541_87": "Three Columns",
    "text_text_1752237749541_88": "Four Columns Wide",
    "text_text_1752237749541_89": "Masonry",
    "text_text_1752237749541_90": "Portfolio Metro",
    "text_text_1752237749541_91": "Portfolio Pinterest",
    "text_text_1752237749541_92": "Horizontal Showcase",
    "text_text_1752237749541_93": "Webgl Showcase",
    "text_text_1752237749541_94": "Coverflow Slider",
    "text_text_1752237749542_95": "Creative Thumb Slider",
    "text_text_1752237749542_96": "Creative Skew Slider",
    "text_text_1752237749542_97": "Creative Text Slider",
    "text_text_1752237749542_98": "Parallax Slider",
    "text_text_1752237749542_99": "Paspective Showcase",
    "text_text_1752237749542_100": "Wrapper Slider",
    "text_text_1752237749542_101": "Portfolio slicer",
    "text_text_1752237749542_102": "Portfolio Showcase",
    "text_text_1752237749542_103": "Brand Showcase",
    "text_text_1752237749542_104": "Interactive with hover",
    "text_text_1752237749542_105": "Interactive with Scroll",
    "text_text_1752237749542_106": "Slider Elegant",
    "text_text_1752237749542_107": "Classic Stack",
    "text_text_1752237749542_108": "Creative Slider",
    "text_text_1752237749542_109": "Gallery",
    "text_text_1752237749542_110": "Modern",
    "text_text_1752237749542_111": "Video",
    "text_text_1752237749542_112": "Image Comparison",
    "text_text_1752237749542_113": "Custom Light",
    "text_text_1752237749542_114": "Blog\n                                        \n                                            Blog Classic\n                                            Blog Classic Light\n                                            Blog Listing\n                                            Blog Listing Light\n                                            \n                                                Grid Layout\n                                                \n                                                    2 Columns\n                                                    2 Columns Light\n                                                    3 Columns\n                                                    3 Columns Light\n                                                    2 Col + sidebar\n                                                    2 Col + sidebar Light\n                                                \n                                            \n                                            Masonry Grid\n                                            Masonry Grid Light\n                                            Single Layouts\n                                                \n                                                    Blog Single Post\n                                                    Blog Single Post Light\n                                                    Blog No Sidebar\n                                                    Blog No Sidebar Light",
    "text_text_1752237749543_115": "Blog Classic",
    "text_text_1752237749543_116": "Blog Classic Light",
    "text_text_1752237749543_117": "Blog Listing",
    "text_text_1752237749543_118": "Blog Listing Light",
    "text_text_1752237749543_119": "Grid Layout\n                                                \n                                                    2 Columns\n                                                    2 Columns Light\n                                                    3 Columns\n                                                    3 Columns Light\n                                                    2 Col + sidebar\n                                                    2 Col + sidebar Light",
    "text_text_1752237749544_120": "2 Columns",
    "text_text_1752237749544_121": "2 Columns Light",
    "text_text_1752237749544_122": "3 Columns",
    "text_text_1752237749544_123": "3 Columns Light",
    "text_text_1752237749544_124": "2 Col + sidebar",
    "text_text_1752237749544_125": "2 Col + sidebar Light",
    "text_text_1752237749544_126": "Masonry Grid",
    "text_text_1752237749544_127": "Masonry Grid Light",
    "text_text_1752237749544_128": "Single Layouts\n                                                \n                                                    Blog Single Post\n                                                    Blog Single Post Light\n                                                    Blog No Sidebar\n                                                    Blog No Sidebar Light",
    "text_text_1752237749544_129": "Blog Single Post",
    "text_text_1752237749544_130": "Blog Single Post Light",
    "text_text_1752237749544_131": "Blog No Sidebar",
    "text_text_1752237749544_132": "Blog No Sidebar Light",
    "text_text_1752237749544_133": "Shop\n                                        \n                                            Shop Modern\n                                            Shop Modern Dark\n                                            Shop With Slider\n                                            Shop With Slider Dark\n                                            Shop Page\n                                                \n                                                    Shop Page\n                                                    Shop Page Dark\n                                                    Shop Details\n                                                    Shop Details Dark\n                                                \n                                            \n                                            My Account\n                                                \n                                                    My Account\n                                                    Cart\n                                                    Checkout\n                                                    Wishlist\n                                                    LogIn\n                                                    Register",
    "text_text_1752237749545_134": "Shop Modern",
    "text_text_1752237749545_135": "Shop Modern Dark",
    "text_text_1752237749545_136": "Shop With Slider",
    "text_text_1752237749545_137": "Shop With Slider Dark",
    "text_text_1752237749545_138": "Shop Page\n                                                \n                                                    Shop Page\n                                                    Shop Page Dark\n                                                    Shop Details\n                                                    Shop Details Dark",
    "text_text_1752237749545_139": "Shop Page",
    "text_text_1752237749545_140": "Shop Page Dark",
    "text_text_1752237749545_141": "Shop Details",
    "text_text_1752237749545_142": "Shop Details Dark",
    "text_text_1752237749545_143": "My Account\n                                                \n                                                    My Account\n                                                    Cart\n                                                    Checkout\n                                                    Wishlist\n                                                    LogIn\n                                                    Register",
    "text_text_1752237749546_144": "My Account",
    "text_text_1752237749546_145": "Cart",
    "text_text_1752237749546_146": "Checkout",
    "text_text_1752237749546_147": "Wishlist",
    "text_text_1752237749546_148": "LogIn",
    "text_text_1752237749546_149": "Register",
    "text_text_1752237749546_150": "Contact\n                                        \n                                            Contact Me\n                                            Contact Me Dark\n                                            Contact Us\n                                            Contact Us Dark\n                                            Get In Touch\n                                            Get In Touch Dark",
    "text_text_1752237749546_151": "Contact Me",
    "text_text_1752237749546_152": "Contact Me Dark",
    "text_text_1752237749546_153": "Contact Us",
    "text_text_1752237749546_154": "Contact Us Dark",
    "text_text_1752237749546_155": "Get In Touch",
    "text_text_1752237749546_156": "Get In Touch Dark",
    "text_text_1752237749546_157": "+ 4 20 7700 1007",
    "text_text_1752237749546_158": "hello@diego.com",
    "text_text_1752237749546_159": "Avenue de Roma 158b, Lisboa",
    "text_text_1752237749546_164": "About",
    "text_text_1752237749546_165": "Who we are",
    "text_text_1752237749546_166": "Services",
    "text_text_1752237749546_167": "Projects",
    "text_text_1752237749546_168": "Blog",
    "text_text_1752237749546_169": "Pricing",
    "text_text_1752237749547_170": "Contact Us",
    "text_text_1752237749517_29": "WHO WE ARE",
    "text_text_1752237749521_43": "Services",
    "text_text_1752237749525_84": "Featured Projects",
    "text_text_1752237749528_116": "How we Work"
  },
  "images": {
    "image_image_1752237749549_9": "assets/img/home-01/hero/hero-video-1.jpg",
    "image_image_1752237749549_10": "assets/img/home-01/hero/hero-avater.jpg",
    "image_image_1752237749549_11": "assets/img/home-01/about/about-shape-1.png",
    "image_image_1752237749549_12": "assets/img/home-01/about/about-1.jpg",
    "image_image_1752237749549_13": "assets/img/home-01/about/about-avater.png",
    "image_image_1752237749550_14": "assets/img/home-01/banner/banner-1.jpg",
    "image_image_1752237749550_15": "assets/img/home-01/service/service-1.jpg",
    "image_image_1752237749550_16": "assets/img/home-01/service/service-2.jpg",
    "image_image_1752237749551_17": "assets/img/home-01/service/service-3.jpg",
    "image_image_1752237749551_18": "assets/img/home-01/service/service-4.jpg",
    "image_image_1752237749551_19": "assets/img/home-01/video/video-1.jpg",
    "image_image_1752237749551_20": "assets/img/home-01/video/video-3.jpg",
    "image_image_1752237749551_21": "assets/img/home-01/video/video-4.jpg",
    "image_image_1752237749551_22": "assets/img/home-01/video/video-5.jpg",
    "image_image_1752237749551_23": "assets/img/home-01/video/video-6.jpg",
    "image_image_1752237749551_24": "assets/img/home-01/project/project-1.jpg",
    "image_image_1752237749551_25": "assets/img/home-01/project/project-2.jpg",
    "image_image_1752237749551_26": "assets/img/home-01/project/project-3.jpg",
    "image_image_1752237749551_27": "assets/img/home-01/project/project-4.jpg",
    "image_image_1752237749551_28": "assets/img/home-01/project/project-5.jpg",
    "image_image_1752237749551_29": "assets/img/home-01/project/project-6.jpg",
    "image_image_1752237749551_30": "assets/img/home-01/funfact/funfact-1.png",
    "image_image_1752237749551_31": "assets/img/home-01/funfact/funfact-placeholder.png",
    "image_image_1752237749552_32": "assets/img/home-01/funfact/funfact-placeholder.png",
    "image_image_1752237749552_33": "assets/img/home-01/funfact/funfact-placeholder.png",
    "image_image_1752237749552_34": "assets/img/home-01/funfact/funfact-placeholder.png",
    "image_image_1752237749552_35": "assets/img/home-01/funfact/funfact-2.png",
    "image_image_1752237749552_36": "assets/img/home-01/funfact/funfact-3.png",
    "image_image_1752237749552_37": "assets/img/home-01/funfact/funfact-placeholder.png",
    "image_image_1752237749552_38": "assets/img/home-01/funfact/funfact-placeholder.png",
    "image_image_1752237749552_39": "assets/img/home-01/funfact/funfact-4.png",
    "image_image_1752237749552_40": "assets/img/home-01/funfact/funfact-5.png",
    "image_image_1752237749552_41": "assets/img/home-01/funfact/funfact-placeholder.png",
    "image_image_1752237749552_42": "assets/img/home-01/funfact/funfact-6.png",
    "image_image_1752237749552_43": "assets/img/home-01/funfact/funfact-1.png",
    "image_image_1752237749552_44": "assets/img/home-01/funfact/funfact-8.png",
    "image_image_1752237749552_45": "assets/img/home-01/funfact/funfact-9.png",
    "image_image_1752237749552_46": "assets/img/home-01/funfact/funfact-placeholder.png",
    "image_image_1752237749552_47": "assets/img/home-01/funfact/funfact-placeholder.png",
    "image_image_1752237749552_48": "assets/img/home-01/funfact/funfact-2.png",
    "image_image_1752237749552_49": "assets/img/home-01/funfact/funfact-placeholder.png",
    "image_image_1752237749552_50": "assets/img/home-01/funfact/funfact-placeholder.png",
    "image_image_1752237749552_51": "assets/img/home-01/funfact/funfact-placeholder.png",
    "image_image_1752237749552_52": "assets/img/home-01/funfact/funfact-4.png",
    "image_image_1752237749552_53": "assets/img/home-01/funfact/funfact-placeholder.png",
    "image_image_1752237749552_54": "assets/img/home-01/funfact/funfact-5.png",
    "image_image_1752237749552_55": "assets/img/home-01/funfact/funfact-7.png",
    "image_image_1752237749552_56": "assets/img/home-01/funfact/funfact-1.png",
    "image_image_1752237749552_57": "assets/img/home-01/funfact/funfact-2.png",
    "image_image_1752237749552_58": "assets/img/home-01/funfact/funfact-3.png",
    "image_image_1752237749552_59": "assets/img/home-01/funfact/funfact-4.png",
    "image_image_1752237749552_60": "assets/img/home-01/funfact/funfact-placeholder.png",
    "image_image_1752237749552_61": "assets/img/home-01/funfact/funfact-placeholder.png",
    "image_image_1752237749552_62": "assets/img/home-01/funfact/funfact-placeholder.png",
    "image_image_1752237749553_63": "assets/img/home-01/funfact/funfact-placeholder.png",
    "image_image_1752237749553_64": "assets/img/home-01/testimonial/global.png",
    "image_image_1752237749553_65": "assets/img/home-01/testimonial/overlay.png",
    "image_image_1752237749553_66": "assets/img/home-01/testimonial/testi-logo.png",
    "image_image_1752237749553_67": "assets/img/avater/avater-1.png",
    "image_image_1752237749553_68": "assets/img/avater/avater-2.png",
    "image_image_1752237749553_69": "assets/img/avater/avater-3.jpg",
    "image_image_1752237749553_70": "assets/img/avater/avater-4.jpg",
    "image_image_1752237749553_71": "assets/img/avater/avater-5.jpg",
    "image_image_1752237749553_72": "assets/img/avater/avater-6.jpg",
    "image_image_1752237749554_73": "assets/img/home-01/award/award-1.png",
    "image_image_1752237749554_74": "assets/img/home-01/award/award-2.png",
    "image_image_1752237749554_75": "assets/img/home-01/award/award-3.png",
    "image_image_1752237749548_0": "assets/img/logo/logo-white.png",
    "image_image_1752237749548_1": "assets/img/logo/logo-black.png",
    "image_image_1752237749548_2": "assets/img/menu/menu-1.png",
    "image_image_1752237749548_3": "assets/img/logo/logo-black.png",
    "image_image_1752237749549_4": "assets/img/logo/logo-white.png",
    "image_image_1752237749549_5": "assets/img/offcanvas/offcanvas-1.jpg",
    "image_image_1752237749549_6": "assets/img/offcanvas/offcanvas-2.jpg",
    "image_image_1752237749549_7": "assets/img/offcanvas/offcanvas-3.jpg",
    "image_image_1752237749549_8": "assets/img/offcanvas/offcanvas-4.jpg",
    "image_image_1752237749554_76": "assets/img/home-01/footer/footer-shape-1.png"
  }
}