{
  "website_texts": {
    "menu": {
      "main_navigation": [
        {
          "english": "Home",
          "korean": "홈",
          "location": "main navigation"
        },
        {
          "english": "About",
          "korean": "회사소개",
          "location": "main navigation"
        },
        {
          "english": "Services",
          "korean": "서비스",
          "location": "main navigation"
        },
        {
          "english": "Portfolio",
          "korean": "포트폴리오",
          "location": "main navigation"
        },
        {
          "english": "FAQ",
          "korean": "FAQ",
          "location": "main navigation"
        },
        {
          "english": "Contact",
          "korean": "문의하기",
          "location": "main navigation"
        }
      ],
      "language_selector": [
        {
          "english": "En",
          "korean": "한",
          "location": "header language selector"
        },
        {
          "english": "De",
          "korean": "독",
          "location": "header language selector"
        }
      ],
      "cta_button": {
        "english": "Start a Project",
        "korean": "프로젝트 시작하기",
        "location": "header CTA button"
      }
    },
    "hero_section": {
      "title": {
        "english": "Digital Design Experience",
        "korean": "디지털 디자인 경험",
        "location": "hero section title"
      },
      "subtitle": {
        "english": "Hey! is the ultimate Agntix Agency template for professionals in the design industry.",
        "korean": "Hey! Agntix는 디자인 업계 전문가를 위한 최고의 에이전시 템플릿입니다.",
        "location": "hero section subtitle"
      },
      "testimonial": {
        "author": "Juan Mauel",
        "text": {
          "english": "The depth of exploration and quality of the work was great",
          "korean": "작업의 깊이와 품질이 훌륭했습니다",
          "location": "hero section testimonial"
        },
        "link_text": {
          "english": "More",
          "korean": "더보기",
          "location": "hero section testimonial link"
        }
      }
    },
    "about_section": {
      "subtitle": {
        "english": "WHO WE ARE",
        "korean": "우리는 누구인가",
        "location": "about section subtitle"
      },
      "main_text": {
        "english": "An independent web design and branding agency in Manchester set up in 2010 who care, build relationships, have industry experience, and win awards.",
        "korean": "2010년 맨체스터에 설립된 독립 웹 디자인 및 브랜딩 에이전시로, 고객을 배려하고 관계를 구축하며 업계 경험을 보유하고 있으며 수상 경력을 자랑합니다.",
        "location": "about section main text"
      },
      "highlight_text": {
        "english": "Driven by a passion for innovation, we specialize in delivering top-quality design solutions",
        "korean": "혁신에 대한 열정으로 최고 품질의 디자인 솔루션을 전문적으로 제공합니다",
        "location": "about section highlight"
      },
      "stats": [
        {
          "number": "98%",
          "text": {
            "english": "Clients Satisfied and Repeating",
            "korean": "고객 만족도 및 재방문율",
            "location": "about section statistics"
          }
        },
        {
          "number": "125+",
          "text": {
            "english": "Projects Completed in 24 Countries",
            "korean": "24개국에서 완료된 프로젝트",
            "location": "about section statistics"
          }
        }
      ]
    },
    "services_section": {
      "title": {
        "english": "Services",
        "korean": "서비스",
        "location": "services section title"
      },
      "services": [
        {
          "number": "01",
          "title": {
            "english": "Web Design",
            "korean": "웹 디자인",
            "location": "service item 1"
          },
          "description": {
            "english": "Whether you need stunning visuals for your website, captivating graphics for your marketing materials, or innovative UI/UX designs for your app, our team of experts is here to turn your vision into reality.",
            "korean": "웹사이트를 위한 멋진 비주얼, 마케팅 자료를 위한 매력적인 그래픽, 앱을 위한 혁신적인 UI/UX 디자인이 필요하든, 우리 전문가 팀이 여러분의 비전을 현실로 만들어드립니다.",
            "location": "service 1 description"
          },
          "categories": ["UX Design", "User Testing", "Motion Design", "Product Prototype"],
          "cta": {
            "english": "See Our Services",
            "korean": "서비스 보기",
            "location": "service CTA button"
          }
        },
        {
          "number": "02",
          "title": {
            "english": "Product Design",
            "korean": "제품 디자인",
            "location": "service item 2"
          },
          "description": {
            "english": "Our product design services focus on creating intuitive and aesthetically pleasing products that resonate with your audience and stand out in the market.",
            "korean": "우리의 제품 디자인 서비스는 고객에게 공감을 주고 시장에서 돋보이는 직관적이고 미학적으로 아름다운 제품을 만드는 데 중점을 둡니다.",
            "location": "service 2 description"
          },
          "categories": ["UX Design", "User Testing", "Product Prototype", "Mobile UI", "Sotware UI design", "Web app design"]
        },
        {
          "number": "03",
          "title": {
            "english": "Web Development",
            "korean": "웹 개발",
            "location": "service item 3"
          },
          "description": {
            "english": "From website development and e-commerce platforms to custom software and mobile apps, our development team has the expertise to bring your ideas to life.",
            "korean": "웹사이트 개발과 전자상거래 플랫폼부터 맞춤형 소프트웨어와 모바일 앱까지, 우리 개발팀은 여러분의 아이디어를 현실로 만들 전문 지식을 보유하고 있습니다.",
            "location": "service 3 description"
          },
          "categories": ["UX Design", "Frontend", "Backend", "E-commerce", "No Code / Low Code"]
        },
        {
          "number": "04",
          "title": {
            "english": "Branding",
            "korean": "브랜딩",
            "location": "service item 4"
          },
          "description": {
            "english": "It's the core of your company's identity. It guides all business decisions, ensuring a consistent and impactful presence in the market.",
            "korean": "브랜드는 회사 아이덴티티의 핵심입니다. 모든 비즈니스 결정을 안내하며 시장에서 일관되고 영향력 있는 존재감을 보장합니다.",
            "location": "service 4 description"
          },
          "categories": ["Research & Insights", "Unique Ways", "Value Proposition", "Naming", "Verbal Identity"]
        }
      ]
    },
    "projects_section": {
      "title": {
        "english": "Featured Projects",
        "korean": "주요 프로젝트",
        "location": "projects section title"
      },
      "cta": {
        "english": "View all Works",
        "korean": "모든 작품 보기",
        "location": "projects section CTA"
      },
      "projects": [
        {
          "name": "Acme Studio",
          "categories": ["Product Design", "Branding", "Creative"]
        },
        {
          "name": "Grace Clinic",
          "categories": ["Creative", "Branding", "Development"]
        },
        {
          "name": "Smart Cities",
          "categories": ["Product Design", "Branding", "Creative"]
        },
        {
          "name": "Digital Farming",
          "categories": ["Product Design", "Branding", "Creative"]
        },
        {
          "name": "Virtual Reality",
          "categories": ["Product Design", "Branding", "Creative"]
        },
        {
          "name": "Cloud Computing",
          "categories": ["Product Design", "Branding", "Creative"]
        }
      ]
    },
    "funfact_section": {
      "stats": [
        {
          "title": {
            "english": "projects completed in 24 countries",
            "korean": "24개국에서 완료된 프로젝트",
            "location": "funfact section"
          },
          "subtitle": "( Nice! )",
          "number": "106"
        },
        {
          "title": {
            "english": "Clients satisfied and repeating",
            "korean": "만족한 고객과 재방문율",
            "location": "funfact section"
          },
          "subtitle": "( Ho Ho! )",
          "number": "96"
        },
        {
          "title": {
            "english": "Performing video",
            "korean": "성과 비디오",
            "location": "funfact section"
          },
          "subtitle": "( Holy Moly! )",
          "number": "#1Top"
        }
      ]
    },
    "work_process_section": {
      "title": {
        "english": "How we Work",
        "korean": "우리의 작업 방식",
        "location": "work process section title"
      },
      "subtitle": {
        "english": "Our design thinking process",
        "korean": "우리의 디자인 사고 프로세스",
        "location": "work process section subtitle"
      },
      "steps": [
        {
          "number": "01",
          "title": {
            "english": "User Research",
            "korean": "사용자 조사",
            "location": "work process step 1"
          },
          "description": {
            "english": "We listen stories of user to understand pain points and give a rough estimate about cost and time-frame",
            "korean": "사용자의 이야기를 듣고 문제점을 파악하며 비용과 일정에 대한 대략적인 견적을 제공합니다",
            "location": "work process step 1 description"
          }
        },
        {
          "number": "02",
          "title": {
            "english": "Define Problems",
            "korean": "문제 정의",
            "location": "work process step 2"
          },
          "description": {
            "english": "We listen stories of user to understand pain points and give a rough estimate about cost and time-frame",
            "korean": "사용자의 이야기를 듣고 문제점을 파악하며 비용과 일정에 대한 대략적인 견적을 제공합니다",
            "location": "work process step 2 description"
          }
        },
        {
          "number": "03",
          "title": {
            "english": "Design & Prototype",
            "korean": "디자인 & 프로토타입",
            "location": "work process step 3"
          },
          "description": {
            "english": "We listen stories of user to understand pain points and give a rough estimate about cost and time-frame",
            "korean": "사용자의 이야기를 듣고 문제점을 파악하며 비용과 일정에 대한 대략적인 견적을 제공합니다",
            "location": "work process step 3 description"
          }
        },
        {
          "number": "04",
          "title": {
            "english": "Evaluation & Testing",
            "korean": "평가 & 테스트",
            "location": "work process step 4"
          },
          "description": {
            "english": "We listen stories of user to understand pain points and give a rough estimate about cost and time-frame",
            "korean": "사용자의 이야기를 듣고 문제점을 파악하며 비용과 일정에 대한 대략적인 견적을 제공합니다",
            "location": "work process step 4 description"
          }
        }
      ]
    },
    "testimonial_section": {
      "title": {
        "english": "Client Reviews",
        "korean": "고객 리뷰",
        "location": "testimonial section title"
      },
      "rating_info": {
        "rating": "4.9/5",
        "text": {
          "english": "Based on 24 reviews on Clutch",
          "korean": "Clutch의 24개 리뷰 기반",
          "location": "testimonial rating info"
        }
      },
      "testimonials": [
        {
          "text": {
            "english": "Agntix studio ability to create a high quality UI is stands out. It's something we placed a premium on. A studio with passionate, professional, fun and full creativity.",
            "korean": "Agntix 스튜디오의 고품질 UI 제작 능력은 탁월합니다. 우리가 프리미엄을 두는 부분입니다. 열정적이고 전문적이며 재미있고 창의성이 가득한 스튜디오입니다.",
            "location": "testimonial 1"
          },
          "author": "Albert Juan",
          "position": "CEO & Founder, Archin Studio"
        },
        {
          "text": {
            "english": "Agntix studio ability to create a high quality UI is stands out. It's something we placed a premium on. A studio with passionate, professional, fun and full creativity.",
            "korean": "Agntix 스튜디오의 고품질 UI 제작 능력은 탁월합니다. 우리가 프리미엄을 두는 부분입니다. 열정적이고 전문적이며 재미있고 창의성이 가듍한 스튜디오입니다.",
            "location": "testimonial 2"
          },
          "author": "Koen Chegg",
          "position": "CEO & Founder, Archin Studio"
        }
      ]
    },
    "awards_section": {
      "subtitle": {
        "english": "( Awards! )",
        "korean": "( 수상 경력! )",
        "location": "awards section subtitle"
      },
      "awards": [
        {
          "year": "2008",
          "title": "1x agency of the year",
          "position": "Winner"
        },
        {
          "year": "2009",
          "title": "3x creative agency of the day",
          "position": "Awarded"
        },
        {
          "year": "2011",
          "title": "2x Featured design of the week",
          "position": "Mentioned"
        },
        {
          "year": "2016",
          "title": "5x honorable mentioned",
          "position": "Mentioned"
        },
        {
          "year": "2022",
          "title": "8x Best design of the day",
          "position": "Winner"
        },
        {
          "year": "2025",
          "title": "3x Mobile Excellence Award",
          "position": "Awarded"
        }
      ]
    },
    "footer_section": {
      "main_text": {
        "english": "Helping start-ups scale & grow.",
        "korean": "스타트업의 성장과 확장을 돕습니다.",
        "location": "footer main text"
      },
      "quick_links": {
        "title": {
          "english": "Quick links",
          "korean": "빠른 링크",
          "location": "footer quick links title"
        },
        "links": [
          {
            "english": "About",
            "korean": "회사소개",
            "location": "footer link"
          },
          {
            "english": "Who we are",
            "korean": "우리는 누구인가",
            "location": "footer link"
          },
          {
            "english": "Services",
            "korean": "서비스",
            "location": "footer link"
          },
          {
            "english": "Projects",
            "korean": "프로젝트",
            "location": "footer link"
          },
          {
            "english": "Blog",
            "korean": "블로그",
            "location": "footer link"
          },
          {
            "english": "Pricing",
            "korean": "가격",
            "location": "footer link"
          },
          {
            "english": "Contact Us",
            "korean": "문의하기",
            "location": "footer link"
          }
        ]
      },
      "contact_info": {
        "title": {
          "english": "Contact",
          "korean": "연락처",
          "location": "footer contact title"
        },
        "email": "agntixs@studio.com",
        "phone": "+(302) 555-0107",
        "address": {
          "english": "4517 Washington Ave. Manchester, Kentucky 39495",
          "korean": "4517 Washington Ave. Manchester, Kentucky 39495",
          "location": "footer address"
        }
      },
      "copyright": {
        "text": {
          "english": "©2025 Agntix Design Studio.",
          "korean": "©2025 Agntix 디자인 스튜디오.",
          "location": "footer copyright"
        },
        "links": [
          {
            "english": "Terms and Conditions",
            "korean": "이용약관",
            "location": "footer legal link"
          },
          {
            "english": "Privacy Policy",
            "korean": "개인정보 처리방침",
            "location": "footer legal link"
          }
        ]
      }
    },
    "text_slider": {
      "items": [
        {
          "english": "UI Design",
          "korean": "UI 디자인"
        },
        {
          "english": "Design Agency",
          "korean": "디자인 에이전시"
        },
        {
          "english": "Strategy",
          "korean": "전략"
        },
        {
          "english": "Digital Solution",
          "korean": "디지털 솔루션"
        },
        {
          "english": "Business Growth",
          "korean": "비즈니스 성장"
        },
        {
          "english": "Development",
          "korean": "개발"
        },
        {
          "english": "IT Company",
          "korean": "IT 회사"
        },
        {
          "english": "SEO Agency",
          "korean": "SEO 에이전시"
        },
        {
          "english": "Consulting",
          "korean": "컨설팅"
        },
        {
          "english": "Branding",
          "korean": "브랜딩"
        },
        {
          "english": "Lifetime Update",
          "korean": "평생 업데이트"
        }
      ]
    },
    "offcanvas": {
      "title": {
        "english": "Hello There!",
        "korean": "안녕하세요!"
      },
      "subtitle": {
        "english": "Lorem ipsum dolor sit amet, consectetur adipiscing elit,",
        "korean": "우리는 창의적인 디지털 솔루션을 제공하는 전문가입니다."
      },
      "information_title": {
        "english": "Information",
        "korean": "정보"
      },
      "follow_us_title": {
        "english": "Follow Us",
        "korean": "팔로우"
      }
    }
  }
}