{
  "website_texts": {
    "menu": {
      "main_navigation": [
        {
          "english": "Home",
          "korean": "홈",
          "location": "main navigation"
        },
        {
          "english": "About",
          "korean": "회사소개",
          "location": "main navigation"
        },
        {
          "english": "Services",
          "korean": "서비스",
          "location": "main navigation"
        },
        {
          "english": "Portfolio",
          "korean": "포트폴리오",
          "location": "main navigation"
        },
        {
          "english": "FAQ",
          "korean": "FAQ",
          "location": "main navigation"
        },
        {
          "english": "Contact",
          "korean": "문의하기",
          "location": "main navigation"
        }
      ],
      "language_selector": [
        {
          "english": "En",
          "korean": "한",
          "location": "header language selector"
        },
        {
          "english": "De",
          "korean": "독",
          "location": "header language selector"
        }
      ],
      "cta_button": {
        "english": "Start a Project",
        "korean": "프로젝트 시작하기",
        "location": "header CTA button"
      }
    },
    "hero_section": {
      "title": {
        "english": "Digital Design Experience",
        "korean": "디지털 디자인 경험",
        "location": "hero section title"
      },
      "subtitle": {
        "english": "Hey! is the ultimate Agntix Agency template for professionals in the design industry.",
        "korean": "Hey! Agntix는 디자인 업계 전문가를 위한 최고의 에이전시 템플릿입니다.",
        "location": "hero section subtitle"
      },
      "testimonial": {
        "author": "Juan Mauel",
        "text": {
          "english": "The depth of exploration and quality of the work was great",
          "korean": "작업의 깊이와 품질이 훌륭했습니다",
          "location": "hero section testimonial"
        },
        "link_text": {
          "english": "More",
          "korean": "더보기",
          "location": "hero section testimonial link"
        }
      }
    },
    "about_section": {
      "subtitle": {
        "english": "WHO WE ARE",
        "korean": "우리는 누구인가",
        "location": "about section subtitle"
      },
      "main_text": {
        "english": "An independent web design and branding agency in Manchester set up in 2010 who care, build relationships, have industry experience, and win awards.",
        "korean": "2010년 맨체스터에 설립된 독립 웹 디자인 및 브랜딩 에이전시로, 고객을 배려하고 관계를 구축하며 업계 경험을 보유하고 있으며 수상 경력을 자랑합니다.",
        "location": "about section main text"
      },
      "highlight_text": {
        "english": "Driven by a passion for innovation, we specialize in delivering top-quality design solutions",
        "korean": "혁신에 대한 열정으로 최고 품질의 디자인 솔루션을 전문적으로 제공합니다",
        "location": "about section highlight"
      },
      "stats": [
        {
          "number": "98%",
          "text": {
            "english": "Clients Satisfied and Repeating",
            "korean": "고객 만족도 및 재방문율",
            "location": "about section statistics"
          }
        },
        {
          "number": "125+",
          "text": {
            "english": "Projects Completed in 24 Countries",
            "korean": "24개국에서 완료된 프로젝트",
            "location": "about section statistics"
          }
        }
      ]
    },
    "services_section": {
      "title": {
        "english": "Services",
        "korean": "서비스",
        "location": "services section title"
      },
      "services": [
        {
          "number": "01",
          "title": {
            "english": "Web Design",
            "korean": "웹 디자인",
            "location": "service item 1"
          },
          "description": {
            "english": "Whether you need stunning visuals for your website, captivating graphics for your marketing materials, or innovative UI/UX designs for your app, our team of experts is here to turn your vision into reality.",
            "korean": "웹사이트를 위한 멋진 비주얼, 마케팅 자료를 위한 매력적인 그래픽, 앱을 위한 혁신적인 UI/UX 디자인이 필요하든, 우리 전문가 팀이 여러분의 비전을 현실로 만들어드립니다.",
            "location": "service 1 description"
          },
          "categories": ["UX Design", "User Testing", "Motion Design", "Product Prototype"],
          "cta": {
            "english": "See Our Services",
            "korean": "서비스 보기",
            "location": "service CTA button"
          }
        },
        {
          "number": "02",
          "title": {
            "english": "Product Design",
            "korean": "제품 디자인",
            "location": "service item 2"
          },
          "description": {
            "english": "Our product design services focus on creating intuitive and aesthetically pleasing products that resonate with your audience and stand out in the market.",
            "korean": "우리의 제품 디자인 서비스는 고객에게 공감을 주고 시장에서 돋보이는 직관적이고 미학적으로 아름다운 제품을 만드는 데 중점을 둡니다.",
            "location": "service 2 description"
          },
          "categories": ["UX Design", "User Testing", "Product Prototype", "Mobile UI", "Sotware UI design", "Web app design"]
        },
        {
          "number": "03",
          "title": {
            "english": "Web Development",
            "korean": "웹 개발",
            "location": "service item 3"
          },
          "description": {
            "english": "From website development and e-commerce platforms to custom software and mobile apps, our development team has the expertise to bring your ideas to life.",
            "korean": "웹사이트 개발과 전자상거래 플랫폼부터 맞춤형 소프트웨어와 모바일 앱까지, 우리 개발팀은 여러분의 아이디어를 현실로 만들 전문 지식을 보유하고 있습니다.",
            "location": "service 3 description"
          },
          "categories": ["UX Design", "Frontend", "Backend", "E-commerce", "No Code / Low Code"]
        },
        {
          "number": "04",
          "title": {
            "english": "Branding",
            "korean": "브랜딩",
            "location": "service item 4"
          },
          "description": {
            "english": "It's the core of your company's identity. It guides all business decisions, ensuring a consistent and impactful presence in the market.",
            "korean": "브랜드는 회사 아이덴티티의 핵심입니다. 모든 비즈니스 결정을 안내하며 시장에서 일관되고 영향력 있는 존재감을 보장합니다.",
            "location": "service 4 description"
          },
          "categories": ["Research & Insights", "Unique Ways", "Value Proposition", "Naming", "Verbal Identity"]
        }
      ]
    },
    "projects_section": {
      "title": {
        "english": "Featured Projects",
        "korean": "주요 프로젝트",
        "location": "projects section title"
      },
      "cta": {
        "english": "View all Works",
        "korean": "모든 작품 보기",
        "location": "projects section CTA"
      },
      "projects": [
        {
          "name": "Acme Studio",
          "categories": ["Product Design", "Branding", "Creative"]
        },
        {
          "name": "Grace Clinic",
          "categories": ["Creative", "Branding", "Development"]
        },
        {
          "name": "Smart Cities",
          "categories": ["Product Design", "Branding", "Creative"]
        },
        {
          "name": "Digital Farming",
          "categories": ["Product Design", "Branding", "Creative"]
        },
        {
          "name": "Virtual Reality",
          "categories": ["Product Design", "Branding", "Creative"]
        },
        {
          "name": "Cloud Computing",
          "categories": ["Product Design", "Branding", "Creative"]
        }
      ]
    },
    "funfact_section": {
      "stats": [
        {
          "title": {
            "english": "projects completed in 24 countries",
            "korean": "24개국에서 완료된 프로젝트",
            "location": "funfact section"
          },
          "subtitle": "( Nice! )",
          "number": "106"
        },
        {
          "title": {
            "english": "Clients satisfied and repeating",
            "korean": "만족한 고객과 재방문율",
            "location": "funfact section"
          },
          "subtitle": "( Ho Ho! )",
          "number": "96"
        },
        {
          "title": {
            "english": "Performing video",
            "korean": "성과 비디오",
            "location": "funfact section"
          },
          "subtitle": "( Holy Moly! )",
          "number": "#1Top"
        }
      ]
    },
    "work_process_section": {
      "title": {
        "english": "How we Work",
        "korean": "우리의 작업 방식",
        "location": "work process section title"
      },
      "subtitle": {
        "english": "Our design thinking process",
        "korean": "우리의 디자인 사고 프로세스",
        "location": "work process section subtitle"
      },
      "steps": [
        {
          "number": "01",
          "title": {
            "english": "User Research",
            "korean": "사용자 조사",
            "location": "work process step 1"
          },
          "description": {
            "english": "We listen stories of user to understand pain points and give a rough estimate about cost and time-frame",
            "korean": "사용자의 이야기를 듣고 문제점을 파악하며 비용과 일정에 대한 대략적인 견적을 제공합니다",
            "location": "work process step 1 description"
          }
        },
        {
          "number": "02",
          "title": {
            "english": "Define Problems",
            "korean": "문제 정의",
            "location": "work process step 2"
          },
          "description": {
            "english": "We listen stories of user to understand pain points and give a rough estimate about cost and time-frame",
            "korean": "사용자의 이야기를 듣고 문제점을 파악하며 비용과 일정에 대한 대략적인 견적을 제공합니다",
            "location": "work process step 2 description"
          }
        },
        {
          "number": "03",
          "title": {
            "english": "Design & Prototype",
            "korean": "디자인 & 프로토타입",
            "location": "work process step 3"
          },
          "description": {
            "english": "We listen stories of user to understand pain points and give a rough estimate about cost and time-frame",
            "korean": "사용자의 이야기를 듣고 문제점을 파악하며 비용과 일정에 대한 대략적인 견적을 제공합니다",
            "location": "work process step 3 description"
          }
        },
        {
          "number": "04",
          "title": {
            "english": "Evaluation & Testing",
            "korean": "평가 & 테스트",
            "location": "work process step 4"
          },
          "description": {
            "english": "We listen stories of user to understand pain points and give a rough estimate about cost and time-frame",
            "korean": "사용자의 이야기를 듣고 문제점을 파악하며 비용과 일정에 대한 대략적인 견적을 제공합니다",
            "location": "work process step 4 description"
          }
        }
      ]
    },
    "testimonial_section": {
      "title": {
        "english": "Client Reviews",
        "korean": "고객 리뷰",
        "location": "testimonial section title"
      },
      "rating_info": {
        "rating": "4.9/5",
        "text": {
          "english": "Based on 24 reviews on Clutch",
          "korean": "Clutch의 24개 리뷰 기반",
          "location": "testimonial rating info"
        }
      },
      "testimonials": [
        {
          "text": {
            "english": "Agntix studio ability to create a high quality UI is stands out. It's something we placed a premium on. A studio with passionate, professional, fun and full creativity.",
            "korean": "Agntix 스튜디오의 고품질 UI 제작 능력은 탁월합니다. 우리가 프리미엄을 두는 부분입니다. 열정적이고 전문적이며 재미있고 창의성이 가득한 스튜디오입니다.",
            "location": "testimonial 1"
          },
          "author": "Albert Juan",
          "position": "CEO & Founder, Archin Studio"
        },
        {
          "text": {
            "english": "Agntix studio ability to create a high quality UI is stands out. It's something we placed a premium on. A studio with passionate, professional, fun and full creativity.",
            "korean": "Agntix 스튜디오의 고품질 UI 제작 능력은 탁월합니다. 우리가 프리미엄을 두는 부분입니다. 열정적이고 전문적이며 재미있고 창의성이 가듍한 스튜디오입니다.",
            "location": "testimonial 2"
          },
          "author": "Koen Chegg",
          "position": "CEO & Founder, Archin Studio"
        }
      ]
    },
    "awards_section": {
      "subtitle": {
        "english": "( Awards! )",
        "korean": "( 수상 경력! )",
        "location": "awards section subtitle"
      },
      "awards": [
        {
          "year": "2008",
          "title": "1x agency of the year",
          "position": "Winner"
        },
        {
          "year": "2009",
          "title": "3x creative agency of the day",
          "position": "Awarded"
        },
        {
          "year": "2011",
          "title": "2x Featured design of the week",
          "position": "Mentioned"
        },
        {
          "year": "2016",
          "title": "5x honorable mentioned",
          "position": "Mentioned"
        },
        {
          "year": "2022",
          "title": "8x Best design of the day",
          "position": "Winner"
        },
        {
          "year": "2025",
          "title": "3x Mobile Excellence Award",
          "position": "Awarded"
        }
      ]
    },
    "footer_section": {
      "main_text": {
        "english": "Helping start-ups scale & grow.",
        "korean": "스타트업의 성장과 확장을 돕습니다.",
        "location": "footer main text"
      },
      "quick_links": {
        "title": {
          "english": "Quick links",
          "korean": "빠른 링크",
          "location": "footer quick links title"
        },
        "links": [
          {
            "english": "About",
            "korean": "회사소개",
            "location": "footer link"
          },
          {
            "english": "Who we are",
            "korean": "우리는 누구인가",
            "location": "footer link"
          },
          {
            "english": "Services",
            "korean": "서비스",
            "location": "footer link"
          },
          {
            "english": "Projects",
            "korean": "프로젝트",
            "location": "footer link"
          },
          {
            "english": "Blog",
            "korean": "블로그",
            "location": "footer link"
          },
          {
            "english": "Pricing",
            "korean": "가격",
            "location": "footer link"
          },
          {
            "english": "Contact Us",
            "korean": "문의하기",
            "location": "footer link"
          }
        ]
      },
      "contact_info": {
        "title": {
          "english": "Contact",
          "korean": "연락처",
          "location": "footer contact title"
        },
        "email": "agntixs@studio.com",
        "phone": "+(302) 555-0107",
        "address": {
          "english": "4517 Washington Ave. Manchester, Kentucky 39495",
          "korean": "4517 Washington Ave. Manchester, Kentucky 39495",
          "location": "footer address"
        }
      },
      "copyright": {
        "text": {
          "english": "©2025 Agntix Design Studio.",
          "korean": "©2025 Agntix 디자인 스튜디오.",
          "location": "footer copyright"
        },
        "links": [
          {
            "english": "Terms and Conditions",
            "korean": "이용약관",
            "location": "footer legal link"
          },
          {
            "english": "Privacy Policy",
            "korean": "개인정보 처리방침",
            "location": "footer legal link"
          }
        ]
      }
    },
    "text_slider": {
      "items": [
        {
          "english": "UI Design",
          "korean": "UI 디자인"
        },
        {
          "english": "Design Agency",
          "korean": "디자인 에이전시"
        },
        {
          "english": "Strategy",
          "korean": "전략"
        },
        {
          "english": "Digital Solution",
          "korean": "디지털 솔루션"
        },
        {
          "english": "Business Growth",
          "korean": "비즈니스 성장"
        },
        {
          "english": "Development",
          "korean": "개발"
        },
        {
          "english": "IT Company",
          "korean": "IT 회사"
        },
        {
          "english": "SEO Agency",
          "korean": "SEO 에이전시"
        },
        {
          "english": "Consulting",
          "korean": "컨설팅"
        },
        {
          "english": "Branding",
          "korean": "브랜딩"
        },
        {
          "english": "Lifetime Update",
          "korean": "평생 업데이트"
        }
      ]
    },
    "offcanvas": {
      "title": {
        "english": "Hello There!",
        "korean": "안녕하세요!"
      },
      "subtitle": {
        "english": "Lorem ipsum dolor sit amet, consectetur adipiscing elit,",
        "korean": "우리는 창의적인 디지털 솔루션을 제공하는 전문가입니다."
      },
      "information_title": {
        "english": "Information",
        "korean": "정보"
      },
      "follow_us_title": {
        "english": "Follow Us",
        "korean": "팔로우"
      }
    },
    "about_page": {
      "meta": {
        "title": {
          "english": "Agntix - Digital Agency & Creative Portfolio HTML Template",
          "korean": "Agntix - 디지털 에이전시 & 크리에이티브 포트폴리오 HTML 템플릿"
        }
      },
      "hero_section": {
        "about_text": {
          "english": "(About)",
          "korean": "(회사소개)"
        },
        "loading_text": {
          "english": "Loading...",
          "korean": "로딩중..."
        },
        "introduction_text": {
          "english": "Introduction",
          "korean": "소개"
        },
        "subtitle": {
          "english": "About Agntix",
          "korean": "Agntix 소개"
        },
        "title": {
          "english": "Our Studio",
          "korean": "우리 스튜디오"
        }
      },
      "about_content": {
        "section_subtitle": {
          "english": "About our Studio",
          "korean": "우리 스튜디오 소개"
        },
        "main_title": {
          "english": "We're a creative digital studio.",
          "korean": "우리는 크리에이티브 디지털 스튜디오입니다."
        },
        "description_1": {
          "english": "We have been creating digital products & providing design support to ambitious startups & corporations since 2016.",
          "korean": "우리는 2016년부터 디지털 제품을 만들고 야심찬 스타트업과 기업에 디자인 지원을 제공하고 있습니다."
        },
        "description_2": {
          "english": "As an award-winning agency with in the digital jungle, agntix® transcends aesthetics, crafting your vision into a legacy that endures.",
          "korean": "디지털 정글에서 수상 경력이 있는 에이전시로서, agntix®는 미학을 초월하여 여러분의 비전을 지속되는 유산으로 만들어냅니다."
        },
        "cta_button": {
          "english": "Get in Touch",
          "korean": "문의하기"
        },
        "experience_box": {
          "text": {
            "english": "Years of Experience",
            "korean": "경험 연수"
          },
          "number": "17"
        }
      },
      "team_section": {
        "title": {
          "english": "Our Team Member",
          "korean": "우리 팀원"
        },
        "members": [
          {
            "name": "Andrew",
            "position": {
              "english": "Developer",
              "korean": "개발자"
            }
          },
          {
            "name": "Sophia",
            "position": {
              "english": "Developer",
              "korean": "개발자"
            }
          },
          {
            "name": "Emma",
            "position": {
              "english": "Developer",
              "korean": "개발자"
            }
          },
          {
            "name": "James",
            "position": {
              "english": "Developer",
              "korean": "개발자"
            }
          },
          {
            "name": "Oliver",
            "position": {
              "english": "Developer",
              "korean": "개발자"
            }
          },
          {
            "name": "Charlotte",
            "position": {
              "english": "Developer",
              "korean": "개발자"
            }
          }
        ]
      },
      "clients_section": {
        "title": {
          "english": "Our clients",
          "korean": "우리의 고객"
        }
      },
      "awards_section": {
        "title": {
          "english": "Awards & recognition",
          "korean": "수상 및 인정"
        },
        "subtitle": {
          "english": "Our Achievements",
          "korean": "우리의 성과"
        },
        "description": {
          "english": "From 2004, We have harvest more of a thirties of price, Who are there guarantee that Welet's give THE best has each project.",
          "korean": "2004년부터 우리는 30개 이상의 상을 수확했으며, 각 프로젝트에서 최고를 제공한다는 것을 보장합니다."
        },
        "awards": [
          {
            "title": {
              "english": "3x Site of the Day",
              "korean": "3회 오늘의 사이트"
            }
          },
          {
            "title": {
              "english": "Site of the year",
              "korean": "올해의 사이트"
            }
          },
          {
            "title": {
              "english": "2x Site of the Day",
              "korean": "2회 오늘의 사이트"
            }
          }
        ]
      },
      "statistics_section": {
        "stats": [
          {
            "number": "4k+",
            "text": {
              "english": "Projects completed",
              "korean": "완료된 프로젝트"
            }
          },
          {
            "number": "91+",
            "text": {
              "english": "renovation experts",
              "korean": "리노베이션 전문가"
            }
          },
          {
            "number": "42+",
            "text": {
              "english": "renovation experts",
              "korean": "리노베이션 전문가"
            }
          },
          {
            "number": "24+",
            "text": {
              "english": "Projects completed",
              "korean": "완료된 프로젝트"
            }
          }
        ]
      },
      "services_list": {
        "title": {
          "english": "Awards & recognition",
          "korean": "수상 및 인정"
        },
        "subtitle": {
          "english": "Our Achievements",
          "korean": "우리의 성과"
        },
        "services": [
          {
            "number": "01",
            "title": {
              "english": "mobile app",
              "korean": "모바일 앱"
            }
          },
          {
            "number": "02",
            "title": {
              "english": "UI / ux design",
              "korean": "UI / UX 디자인"
            }
          },
          {
            "number": "03",
            "title": {
              "english": "3D Modeling Services",
              "korean": "3D 모델링 서비스"
            }
          },
          {
            "number": "04",
            "title": {
              "english": "Creative Direction",
              "korean": "크리에이티브 디렉션"
            }
          },
          {
            "number": "05",
            "title": {
              "english": "WEB Development",
              "korean": "웹 개발"
            }
          },
          {
            "number": "06",
            "title": {
              "english": "Brand Identity",
              "korean": "브랜드 아이덴티티"
            }
          }
        ]
      }
    },
    "service_page": {
      "meta": {
        "title": {
          "english": "Agntix - Digital Agency & Creative Portfolio HTML Template",
          "korean": "Agntix - 디지털 에이전시 & 크리에이티브 포트폴리오 HTML 템플릿"
        },
        "description": {
          "english": "",
          "korean": ""
        }
      },
      "hero_section": {
        "title": {
          "english": "We Provide Smart Solutions.",
          "korean": "우리는 스마트한 솔루션을 제공합니다."
        },
        "description": {
          "english": "We craft digital experiences that engage, convert, and grow your business. From branding to development, we provide end-to-end solutions tailored to your needs.",
          "korean": "우리는 비즈니스를 참여시키고, 전환하고, 성장시키는 디지털 경험을 만듭니다. 브랜딩부터 개발까지, 여러분의 필요에 맞춘 종합 솔루션을 제공합니다."
        }
      },
      "breadcrumb": {
        "home": {
          "english": "Home",
          "korean": "홈"
        },
        "current": {
          "english": "Service 04",
          "korean": "서비스 04"
        }
      },
      "smart_solutions": {
        "subtitle": {
          "english": "Our Smart Solutions",
          "korean": "우리의 스마트 솔루션"
        },
        "title": {
          "english": "From branding to funding, we provide the tools & strategies startups need to succeed in a competitive market.",
          "korean": "브랜딩부터 자금 조달까지, 경쟁 시장에서 스타트업이 성공하는 데 필요한 도구와 전략을 제공합니다."
        },
        "services": [
          {
            "title": {
              "english": "Branding Design",
              "korean": "브랜딩 디자인"
            },
            "description": {
              "english": "It's the core of your company's identity. It guides all business.",
              "korean": "회사 아이덴티티의 핵심입니다. 모든 비즈니스를 안내합니다."
            },
            "cta": {
              "english": "View Details",
              "korean": "자세히 보기"
            }
          },
          {
            "title": {
              "english": "UI/UX Design",
              "korean": "UI/UX 디자인"
            },
            "description": {
              "english": "It's the core of your company's identity. It guides all business.",
              "korean": "회사 아이덴티티의 핵심입니다. 모든 비즈니스를 안내합니다."
            },
            "cta": {
              "english": "View Details",
              "korean": "자세히 보기"
            }
          },
          {
            "title": {
              "english": "Web Development",
              "korean": "웹 개발"
            },
            "description": {
              "english": "It's the core of your company's identity. It guides all business.",
              "korean": "회사 아이덴티티의 핵심입니다. 모든 비즈니스를 안내합니다."
            },
            "cta": {
              "english": "View Details",
              "korean": "자세히 보기"
            }
          }
        ]
      },
      "services_section": {
        "subtitle": {
          "english": "Services",
          "korean": "서비스"
        },
        "title": {
          "english": "Growing sales through exceptional services",
          "korean": "탁월한 서비스를 통한 매출 성장"
        },
        "services": [
          {
            "number": "01",
            "title": {
              "english": "SEO Marketing",
              "korean": "SEO 마케팅"
            },
            "description": {
              "english": "We immerse ourselves in your issues and we put our knowledge and expertise at your service",
              "korean": "우리는 여러분의 문제에 몰입하고 우리의 지식과 전문성을 여러분의 서비스에 제공합니다"
            }
          },
          {
            "number": "02",
            "title": {
              "english": "Social Marketing",
              "korean": "소셜 마케팅"
            },
            "description": {
              "english": "We immerse ourselves in your issues and we put our knowledge and expertise at your service",
              "korean": "우리는 여러분의 문제에 몰입하고 우리의 지식과 전문성을 여러분의 서비스에 제공합니다"
            }
          },
          {
            "number": "03",
            "title": {
              "english": "Content Marketing",
              "korean": "콘텐츠 마케팅"
            },
            "description": {
              "english": "We immerse ourselves in your issues and we put our knowledge and expertise at your service",
              "korean": "우리는 여러분의 문제에 몰입하고 우리의 지식과 전문성을 여러분의 서비스에 제공합니다"
            }
          },
          {
            "number": "04",
            "title": {
              "english": "Email Marketing",
              "korean": "이메일 마케팅"
            },
            "description": {
              "english": "We immerse ourselves in your issues and we put our knowledge and expertise at your service",
              "korean": "우리는 여러분의 문제에 몰입하고 우리의 지식과 전문성을 여러분의 서비스에 제공합니다"
            }
          }
        ]
      },
      "brand_slider": {
        "items": [
          {
            "english": "Creative agency",
            "korean": "크리에이티브 에이전시"
          },
          {
            "english": "Website marketing",
            "korean": "웹사이트 마케팅"
          },
          {
            "english": "Digital marketing",
            "korean": "디지털 마케팅"
          },
          {
            "english": "Product marketing",
            "korean": "제품 마케팅"
          },
          {
            "english": "Research marketing",
            "korean": "리서치 마케팅"
          },
          {
            "english": "Lifetime Update",
            "korean": "평생 업데이트"
          }
        ]
      },
      "pricing_section": {
        "subtitle": {
          "english": "Affordable pricing",
          "korean": "합리적인 가격"
        },
        "title": {
          "english": "Special offer! choose your pack today",
          "korean": "특별 제안! 오늘 패키지를 선택하세요"
        },
        "plans": [
          {
            "name": {
              "english": "Free",
              "korean": "무료"
            },
            "price": "$0",
            "period": {
              "english": "/ month",
              "korean": "/ 월"
            },
            "description": {
              "english": "Organize your daily task for free",
              "korean": "일일 작업을 무료로 구성하세요"
            },
            "features": [
              {
                "english": "Unlimited cards",
                "korean": "무제한 카드"
              },
              {
                "english": "Automated management",
                "korean": "자동화된 관리"
              },
              {
                "english": "SOX compliance",
                "korean": "SOX 규정 준수"
              },
              {
                "english": "Local video issuance",
                "korean": "로컬 비디오 발급"
              },
              {
                "english": "Limited tools",
                "korean": "제한된 도구"
              }
            ],
            "cta": {
              "english": "Join this plan",
              "korean": "이 플랜 가입하기"
            }
          },
          {
            "name": {
              "english": "Pro",
              "korean": "프로"
            },
            "price": "$48",
            "period": {
              "english": "/ month",
              "korean": "/ 월"
            },
            "description": {
              "english": "Organize your daily task for free",
              "korean": "일일 작업을 무료로 구성하세요"
            },
            "features": [
              {
                "english": "Unlimited cards",
                "korean": "무제한 카드"
              },
              {
                "english": "Automated management",
                "korean": "자동화된 관리"
              },
              {
                "english": "SOX compliance",
                "korean": "SOX 규정 준수"
              },
              {
                "english": "Local video issuance",
                "korean": "로컬 비디오 발급"
              },
              {
                "english": "Limited tools",
                "korean": "제한된 도구"
              }
            ],
            "cta": {
              "english": "Join this plan",
              "korean": "이 플랜 가입하기"
            }
          },
          {
            "name": {
              "english": "Business",
              "korean": "비즈니스"
            },
            "price": "$140",
            "period": {
              "english": "/ month",
              "korean": "/ 월"
            },
            "description": {
              "english": "Organize your daily task for free",
              "korean": "일일 작업을 무료로 구성하세요"
            },
            "features": [
              {
                "english": "Unlimited cards",
                "korean": "무제한 카드"
              },
              {
                "english": "Automated management",
                "korean": "자동화된 관리"
              },
              {
                "english": "SOX compliance",
                "korean": "SOX 규정 준수"
              },
              {
                "english": "Local video issuance",
                "korean": "로컬 비디오 발급"
              },
              {
                "english": "Limited tools",
                "korean": "제한된 도구"
              }
            ],
            "cta": {
              "english": "Join this plan",
              "korean": "이 플랜 가입하기"
            }
          }
        ]
      },
      "process_section": {
        "subtitle": {
          "english": "Services",
          "korean": "서비스"
        },
        "title": {
          "english": "We think out of the box and follow the working process",
          "korean": "우리는 틀에서 벗어나 생각하고 작업 프로세스를 따릅니다"
        },
        "description": {
          "english": "Our design system energy comes from a natural source such as wind power, water power, or the heat of the sun. They are more friendly.",
          "korean": "우리의 디자인 시스템 에너지는 풍력, 수력 또는 태양열과 같은 자연 자원에서 나옵니다. 더 친환경적입니다."
        },
        "steps": [
          {
            "number": "01",
            "title": {
              "english": "Thinking and research",
              "korean": "사고와 연구"
            }
          },
          {
            "number": "02",
            "title": {
              "english": "Discovering the problem",
              "korean": "문제 발견"
            }
          },
          {
            "number": "03",
            "title": {
              "english": "Scratch, design, and wireframing",
              "korean": "스케치, 디자인 및 와이어프레이밍"
            }
          },
          {
            "number": "04",
            "title": {
              "english": "Implementation and solution",
              "korean": "구현 및 솔루션"
            }
          }
        ]
      },
      "footer": {
        "description": {
          "english": "We are committed to helping you succeed, and we will work with you every step of the way.",
          "korean": "우리는 여러분의 성공을 돕기 위해 최선을 다하며, 모든 단계에서 함께 일할 것입니다."
        },
        "service_title": {
          "english": "Service",
          "korean": "서비스"
        },
        "service_links": [
          {
            "english": "UI/UX Design",
            "korean": "UI/UX 디자인"
          },
          {
            "english": "Web Design",
            "korean": "웹 디자인"
          },
          {
            "english": "Branding",
            "korean": "브랜딩"
          },
          {
            "english": "Webflow",
            "korean": "웹플로우"
          },
          {
            "english": "Development",
            "korean": "개발"
          }
        ],
        "company_title": {
          "english": "Company",
          "korean": "회사"
        },
        "company_links": [
          {
            "english": "Home",
            "korean": "홈"
          },
          {
            "english": "Agency",
            "korean": "에이전시"
          },
          {
            "english": "Achievement",
            "korean": "성과"
          },
          {
            "english": "Webflow",
            "korean": "웹플로우"
          },
          {
            "english": "Contact Us",
            "korean": "문의하기"
          }
        ],
        "newsletter_title": {
          "english": "Newsletter",
          "korean": "뉴스레터"
        },
        "newsletter_description": {
          "english": "Subscribe our newsletter to get the latest news and updates!",
          "korean": "최신 뉴스와 업데이트를 받아보려면 뉴스레터를 구독하세요!"
        },
        "newsletter_placeholder": {
          "english": "Enter your email",
          "korean": "이메일을 입력하세요"
        },
        "copyright": {
          "english": "© 2025 Agntix. All Rights Reserved.",
          "korean": "© 2025 Agntix. 모든 권리 보유."
        },
        "contact_email": "agntix@gmail.com"
      }
    },
    "portfolio_page": {
      "meta": {
        "title": {
          "english": "Agntix - Digital Agency & Creative Portfolio HTML Template",
          "korean": "Agntix - 디지털 에이전시 & 크리에이티브 포트폴리오 HTML 템플릿"
        },
        "description": {
          "english": "",
          "korean": ""
        }
      },
      "header": {
        "menu_button": {
          "english": "Menu",
          "korean": "메뉴"
        }
      },
      "offcanvas": {
        "close_button": {
          "english": "close",
          "korean": "닫기"
        },
        "contact_title": {
          "english": "Get In Touch",
          "korean": "연락하기"
        },
        "contact_labels": {
          "phone": {
            "english": "Phone",
            "korean": "전화"
          },
          "email": {
            "english": "Email",
            "korean": "이메일"
          },
          "address": {
            "english": "Address",
            "korean": "주소"
          },
          "follow_us": {
            "english": "Follow us",
            "korean": "팔로우"
          }
        },
        "contact_info": {
          "phone": "+4 (234) 567 8910",
          "email": "hello@gmail.com",
          "address": {
            "english": "602 Elgin St. Celina, Delaware 1009",
            "korean": "602 Elgin St. Celina, Delaware 1009"
          }
        }
      },
      "portfolio_slider": {
        "projects": [
          {
            "category": {
              "english": "Digital platform",
              "korean": "디지털 플랫폼"
            },
            "title": {
              "english": "simple logistics",
              "korean": "심플 로지스틱스"
            }
          },
          {
            "category": {
              "english": "Digital platform",
              "korean": "디지털 플랫폼"
            },
            "title": {
              "english": "Smart platform",
              "korean": "스마트 플랫폼"
            }
          },
          {
            "category": {
              "english": "Digital platform",
              "korean": "디지털 플랫폼"
            },
            "title": {
              "english": "Royal Benz",
              "korean": "로열 벤츠"
            }
          },
          {
            "category": {
              "english": "Digital platform",
              "korean": "디지털 플랫폼"
            },
            "title": {
              "english": "World's Relays",
              "korean": "월드 릴레이"
            }
          },
          {
            "category": {
              "english": "Digital platform",
              "korean": "디지털 플랫폼"
            },
            "title": {
              "english": "Bright Captive",
              "korean": "브라이트 캡티브"
            }
          },
          {
            "category": {
              "english": "Interactive Mind",
              "korean": "인터랙티브 마인드"
            },
            "title": {
              "english": "Bright Mind",
              "korean": "브라이트 마인드"
            }
          }
        ],
        "navigation": {
          "prev": {
            "english": "Prev",
            "korean": "이전"
          },
          "next": {
            "english": "Next",
            "korean": "다음"
          }
        },
        "copyright": {
          "text": {
            "english": "Have a project in mind?",
            "korean": "프로젝트가 있으신가요?"
          },
          "link": {
            "english": "Let's Talk.",
            "korean": "상담하기."
          }
        },
        "social_links": ["Fb", "In", "Be"]
      }
    },
    "faq_page": {
      "meta": {
        "title": {
          "english": "Agntix - Digital Agency & Creative Portfolio HTML Template",
          "korean": "Agntix - 디지털 에이전시 & 크리에이티브 포트폴리오 HTML 템플릿"
        },
        "description": {
          "english": "",
          "korean": ""
        }
      },
      "header": {
        "menu_button": {
          "english": "Menu",
          "korean": "메뉴"
        }
      },
      "hero_section": {
        "breadcrumb": {
          "english": "Faq",
          "korean": "FAQ"
        },
        "title": {
          "part1": {
            "english": "Frequently",
            "korean": "자주 묻는"
          },
          "part2": {
            "english": "asked question!",
            "korean": "질문!"
          }
        },
        "description": {
          "english": "Agntix is a beacon of best innovation and the dynamic parent a company of wealcoder and many other subsidiaries.",
          "korean": "Agntix는 최고의 혁신의 등대이며 wealcoder와 많은 다른 자회사들의 역동적인 모회사입니다."
        }
      },
      "faq_section": {
        "questions": [
          {
            "question": {
              "english": "How long does it take to get started?",
              "korean": "시작하는 데 얼마나 걸리나요?"
            },
            "answer": {
              "english": "It all starts with grabbing a cup of coffee, chilling with mates, and some quality time at the PlayStation (just kidding!). We always start a project with analysis, learning the requirements, and making estimates that will be shared in the price proposal. Then it's off to signing off, kicking off.",
              "korean": "모든 것은 커피 한 잔을 들고, 동료들과 휴식을 취하고, 플레이스테이션에서 양질의 시간을 보내는 것으로 시작됩니다(농담입니다!). 우리는 항상 분석으로 프로젝트를 시작하고, 요구사항을 파악하고, 가격 제안서에 공유될 견적을 만듭니다. 그런 다음 계약하고 시작합니다."
            }
          },
          {
            "question": {
              "english": "What is your typical working process?",
              "korean": "일반적인 작업 프로세스는 어떻게 되나요?"
            },
            "answer": {
              "english": "It all starts with grabbing a cup of coffee, chilling with mates, and some quality time at the PlayStation (just kidding!). We always start a project with analysis, learning the requirements, and making estimates that will be shared in the price proposal. Then it's off to signing off, kicking off.",
              "korean": "모든 것은 커피 한 잔을 들고, 동료들과 휴식을 취하고, 플레이스테이션에서 양질의 시간을 보내는 것으로 시작됩니다(농담입니다!). 우리는 항상 분석으로 프로젝트를 시작하고, 요구사항을 파악하고, 가격 제안서에 공유될 견적을 만듭니다. 그런 다음 계약하고 시작합니다."
            }
          },
          {
            "question": {
              "english": "How do you usually start new collaborations?",
              "korean": "보통 새로운 협업을 어떻게 시작하나요?"
            },
            "answer": {
              "english": "It all starts with grabbing a cup of coffee, chilling with mates, and some quality time at the PlayStation (just kidding!). We always start a project with analysis, learning the requirements, and making estimates that will be shared in the price proposal. Then it's off to signing off, kicking off.",
              "korean": "모든 것은 커피 한 잔을 들고, 동료들과 휴식을 취하고, 플레이스테이션에서 양질의 시간을 보내는 것으로 시작됩니다(농담입니다!). 우리는 항상 분석으로 프로젝트를 시작하고, 요구사항을 파악하고, 가격 제안서에 공유될 견적을 만듭니다. 그런 다음 계약하고 시작합니다."
            }
          },
          {
            "question": {
              "english": "What's the average project duration?",
              "korean": "평균 프로젝트 기간은 얼마나 되나요?"
            },
            "answer": {
              "english": "It all starts with grabbing a cup of coffee, chilling with mates, and some quality time at the PlayStation (just kidding!). We always start a project with analysis, learning the requirements, and making estimates that will be shared in the price proposal. Then it's off to signing off, kicking off.",
              "korean": "모든 것은 커피 한 잔을 들고, 동료들과 휴식을 취하고, 플레이스테이션에서 양질의 시간을 보내는 것으로 시작됩니다(농담입니다!). 우리는 항상 분석으로 프로젝트를 시작하고, 요구사항을 파악하고, 가격 제안서에 공유될 견적을 만듭니다. 그런 다음 계약하고 시작합니다."
            }
          },
          {
            "question": {
              "english": "Can we start the design without wireframes?",
              "korean": "와이어프레임 없이 디자인을 시작할 수 있나요?"
            },
            "answer": {
              "english": "It all starts with grabbing a cup of coffee, chilling with mates, and some quality time at the PlayStation (just kidding!). We always start a project with analysis, learning the requirements, and making estimates that will be shared in the price proposal. Then it's off to signing off, kicking off.",
              "korean": "모든 것은 커피 한 잔을 들고, 동료들과 휴식을 취하고, 플레이스테이션에서 양질의 시간을 보내는 것으로 시작됩니다(농담입니다!). 우리는 항상 분석으로 프로젝트를 시작하고, 요구사항을 파악하고, 가격 제안서에 공유될 견적을 만듭니다. 그런 다음 계약하고 시작합니다."
            }
          }
        ]
      },
      "footer": {
        "main_heading": {
          "english": "Helping start-ups scale & grow.",
          "korean": "스타트업의 성장과 확장을 돕습니다."
        },
        "quick_links_title": {
          "english": "Quick links",
          "korean": "빠른 링크"
        },
        "quick_links": [
          {
            "english": "About",
            "korean": "회사소개"
          },
          {
            "english": "Who we are",
            "korean": "우리는 누구인가"
          },
          {
            "english": "Services",
            "korean": "서비스"
          },
          {
            "english": "Projects",
            "korean": "프로젝트"
          },
          {
            "english": "Blog",
            "korean": "블로그"
          },
          {
            "english": "Pricing",
            "korean": "가격"
          },
          {
            "english": "Contact Us",
            "korean": "문의하기"
          }
        ],
        "contact_title": {
          "english": "Contact",
          "korean": "연락처"
        },
        "contact_email": "agntixs@studio.com",
        "contact_phone": "+(302) 555-0107",
        "contact_address": {
          "english": "4517 Washington Ave. Manchester, Kentucky 39495",
          "korean": "4517 Washington Ave. Manchester, Kentucky 39495"
        },
        "company_name": "Agntix.studio",
        "copyright": {
          "english": "©2025 Agntix Design Studio.",
          "korean": "©2025 Agntix 디자인 스튜디오."
        },
        "legal_links": [
          {
            "english": "Terms and Conditions",
            "korean": "이용약관"
          },
          {
            "english": "Privacy Policy",
            "korean": "개인정보 처리방침"
          }
        ]
      },
      "offcanvas": {
        "title": {
          "english": "Hello There!",
          "korean": "안녕하세요!"
        },
        "description": {
          "english": "Lorem ipsum dolor sit amet, consectetur adipiscing elit,",
          "korean": "우리는 창의적인 디지털 솔루션을 제공하는 전문가입니다."
        },
        "information_title": {
          "english": "Information",
          "korean": "정보"
        },
        "contact_info": {
          "phone": "+ 4 20 7700 1007",
          "email": "hello@diego.com",
          "address": {
            "english": "Avenue de Roma 158b, Lisboa",
            "korean": "Avenue de Roma 158b, Lisboa"
          }
        },
        "follow_us_title": {
          "english": "Follow Us",
          "korean": "팔로우"
        }
      }
    },
    "contact_page": {
      "meta": {
        "title": {
          "english": "Agntix - Digital Agency & Creative Portfolio HTML Template",
          "korean": "Agntix - 디지털 에이전시 & 크리에이티브 포트폴리오 HTML 템플릿"
        },
        "description": {
          "english": "",
          "korean": ""
        }
      },
      "header": {
        "menu_button": {
          "english": "Menu",
          "korean": "메뉴"
        }
      },
      "hero_section": {
        "subtitle": {
          "english": "contact us",
          "korean": "문의하기"
        },
        "title": {
          "part1": {
            "english": "Your creative",
            "korean": "당신의 창의적인"
          },
          "part2": {
            "english": "journey starts here",
            "korean": "여정이 여기서 시작됩니다"
          }
        },
        "description": {
          "english": "Agntix is a beacon of best innovation and the dynamic parent a company of wealcoder and many other subsidiaries.",
          "korean": "Agntix는 최고의 혁신의 등대이며 wealcoder와 많은 다른 자회사들의 역동적인 모회사입니다."
        },
        "scroll_text": {
          "english": "Scroll to explore",
          "korean": "스크롤하여 탐색"
        },
        "map_text": {
          "english": "See in Map our Office",
          "korean": "지도에서 사무실 보기"
        }
      },
      "contact_form": {
        "title": {
          "english": "Send a Message",
          "korean": "메시지 보내기"
        },
        "fields": {
          "full_name": {
            "label": {
              "english": "Full name*",
              "korean": "성함*"
            },
            "placeholder": {
              "english": "",
              "korean": ""
            }
          },
          "email": {
            "label": {
              "english": "Email address*",
              "korean": "이메일 주소*"
            },
            "placeholder": {
              "english": "",
              "korean": ""
            }
          },
          "website": {
            "label": {
              "english": "Website link",
              "korean": "웹사이트 링크"
            },
            "placeholder": {
              "english": "",
              "korean": ""
            }
          },
          "message": {
            "label": {
              "english": "How Can We Help You*",
              "korean": "어떻게 도와드릴까요*"
            },
            "placeholder": {
              "english": "",
              "korean": ""
            }
          }
        },
        "submit_button": {
          "english": "Send Message",
          "korean": "메시지 전송"
        }
      },
      "support_section": {
        "text": {
          "english": "Or, you can contact one of our studios directly below. We aim to respond within 24 hours.",
          "korean": "또는 아래에서 직접 스튜디오 중 하나에 연락할 수 있습니다. 24시간 이내에 응답하는 것을 목표로 합니다."
        }
      },
      "locations": {
        "san_francisco": {
          "title": {
            "english": "San Francisco",
            "korean": "샌프란시스코"
          },
          "email": "sydney@contact.com",
          "phone": "(+91) 76001726",
          "view_location": {
            "english": "View Location",
            "korean": "위치 보기"
          }
        },
        "germany": {
          "title": {
            "english": "Germany",
            "korean": "독일"
          },
          "email": "sydney@contact.com",
          "phone": "(+91) 76001726",
          "view_location": {
            "english": "View Location",
            "korean": "위치 보기"
          }
        },
        "new_zealand": {
          "title": {
            "english": "New Zealand",
            "korean": "뉴질랜드"
          },
          "email": "sydney@contact.com",
          "phone": "(+91) 76001726",
          "view_location": {
            "english": "View Location",
            "korean": "위치 보기"
          }
        }
      },
      "footer": {
        "main_heading": {
          "english": "Helping start-ups scale & grow.",
          "korean": "스타트업의 성장과 확장을 돕습니다."
        },
        "quick_links_title": {
          "english": "Quick links",
          "korean": "빠른 링크"
        },
        "quick_links": [
          {
            "english": "About",
            "korean": "회사소개"
          },
          {
            "english": "Who we are",
            "korean": "우리는 누구인가"
          },
          {
            "english": "Services",
            "korean": "서비스"
          },
          {
            "english": "Projects",
            "korean": "프로젝트"
          },
          {
            "english": "Blog",
            "korean": "블로그"
          },
          {
            "english": "Pricing",
            "korean": "가격"
          },
          {
            "english": "Contact Us",
            "korean": "문의하기"
          }
        ],
        "contact_title": {
          "english": "Contact",
          "korean": "연락처"
        },
        "contact_email": "agntixs@studio.com",
        "contact_phone": "+(302) 555-0107",
        "contact_address": {
          "english": "4517 Washington Ave. Manchester, Kentucky 39495",
          "korean": "4517 Washington Ave. Manchester, Kentucky 39495"
        },
        "company_name": "Agntix.studio",
        "copyright": {
          "english": "©2025 Agntix Design Studio.",
          "korean": "©2025 Agntix 디자인 스튜디오."
        },
        "legal_links": [
          {
            "english": "Terms and Conditions",
            "korean": "이용약관"
          },
          {
            "english": "Privacy Policy",
            "korean": "개인정보 처리방침"
          }
        ]
      },
      "offcanvas": {
        "title": {
          "english": "Hello There!",
          "korean": "안녕하세요!"
        },
        "description": {
          "english": "Lorem ipsum dolor sit amet, consectetur adipiscing elit,",
          "korean": "우리는 창의적인 디지털 솔루션을 제공하는 전문가입니다."
        },
        "information_title": {
          "english": "Information",
          "korean": "정보"
        },
        "contact_info": {
          "phone": "+ 4 20 7700 1007",
          "email": "hello@diego.com",
          "address": {
            "english": "Avenue de Roma 158b, Lisboa",
            "korean": "Avenue de Roma 158b, Lisboa"
          }
        },
        "follow_us_title": {
          "english": "Follow Us",
          "korean": "팔로우"
        }
      }
    }
  }
}